{
  "incumbent_xgb_cal": {
    "brier": 0.22351752539317563,
    "logloss": 0.6383122088712991,
    "auc": 0.6417933488560366,
    "mean_p": 0.5872318242751072,
    "mean_y": 0.6145320197044335,
    "n": 2436
  },
  "incumbent_stacker": {
    "brier": 0.22123843051776937,
    "logloss": 0.6328874399770986,
    "auc": 0.6532753117167953,
    "mean_p": 0.5883282413605361,
    "mean_y": 0.6145320197044335,
    "n": 2436
  },
  "challenger_poisson_raw": {
    "brier": 0.2239864795881211,
    "logloss": 0.6407141556191839,
    "auc": 0.6420131708215864,
    "mean_p": 0.6279790928623517,
    "mean_y": 0.6145320197044335,
    "n": 2436
  },
  "challenger_poisson_platt": {
    "brier": 0.22579801909436237,
    "logloss": 0.6434474279051139,
    "auc": 0.6420131708215864,
    "mean_p": 0.5775917310468839,
    "mean_y": 0.6145320197044335,
    "n": 2436
  },
  "challenger_poisson_iso": {
    "brier": 0.22790511998522942,
    "logloss": 0.6628722848104208,
    "auc": 0.6395044259623257,
    "mean_p": 0.5762368753610356,
    "mean_y": 0.6145320197044335,
    "n": 2436
  },
  "challenger_poisson_cal": {
    "brier": 0.22790511998522942,
    "logloss": 0.6628722848104208,
    "auc": 0.6395044259623257,
    "mean_p": 0.5762368753610356,
    "mean_y": 0.6145320197044335,
    "n": 2436
  },
  "challenger_total_over_7.5": {
    "brier": 0.16362793167074752,
    "logloss": 0.5145126260300995,
    "auc": 0.6469909287292099,
    "mean_p": 0.13615676862658105,
    "mean_y": 0.21018062397372742,
    "n": 2436
  },
  "challenger_total_over_8.5": {
    "brier": 0.12748146767488935,
    "logloss": 0.4398695397604048,
    "auc": 0.650480926475987,
    "mean_p": 0.07427468804810221,
    "mean_y": 0.1481937602627258,
    "n": 2436
  },
  "challenger_total_over_9.5": {
    "brier": 0.09087477253410495,
    "logloss": 0.3546969734515573,
    "auc": 0.653069603803009,
    "mean_p": 0.03806170299807705,
    "mean_y": 0.0993431855500821,
    "n": 2436
  }
}