{
  "incumbent_xgb_cal": {
    "brier": 0.22277771257071316,
    "logloss": 0.6368605173728696,
    "auc": 0.6430824019355716,
    "mean_p": 0.589854399718214,
    "mean_y": 0.6145320197044335,
    "n": 2436
  },
  "incumbent_stacker": {
    "brier": 0.22020439963557067,
    "logloss": 0.6305047076895978,
    "auc": 0.6564509921511466,
    "mean_p": 0.5894194222187226,
    "mean_y": 0.6145320197044335,
    "n": 2436
  },
  "challenger_poisson": {
    "brier": 0.22398647958812104,
    "logloss": 0.6407141556191839,
    "auc": 0.6420131708215864,
    "mean_p": 0.6279790928623517,
    "mean_y": 0.6145320197044335,
    "n": 2436
  },
  "challenger_total_over_7.5": {
    "brier": 0.16362793167074752,
    "logloss": 0.5145126260300995,
    "auc": 0.6469909287292099,
    "mean_p": 0.13615676862658108,
    "mean_y": 0.21018062397372742,
    "n": 2436
  },
  "challenger_total_over_8.5": {
    "brier": 0.12748146767488938,
    "logloss": 0.4398695397604048,
    "auc": 0.650480926475987,
    "mean_p": 0.07427468804810221,
    "mean_y": 0.1481937602627258,
    "n": 2436
  },
  "challenger_total_over_9.5": {
    "brier": 0.09087477253410495,
    "logloss": 0.3546969734515573,
    "auc": 0.653069603803009,
    "mean_p": 0.03806170299807705,
    "mean_y": 0.0993431855500821,
    "n": 2436
  }
}