{
  "oof": {
    "xgb_binary_oof": {
      "brier": 0.25692410540563926,
      "logloss": 0.7212335748367619,
      "auc": 0.5652084363157028,
      "mean_p": 0.6079039296747505,
      "mean_y": 0.5874125874125874,
      "n": 2431
    },
    "poisson_oof": {
      "brier": 0.23877274198681847,
      "logloss": 0.6719883228074686,
      "auc": 0.6031352720549836,
      "mean_p": 0.6413914417451653,
      "mean_y": 0.5874125874125874,
      "n": 2431
    }
  },
  "val": {
    "production_incumbent_xgb_cal": {
      "brier": 0.22351752539317563,
      "logloss": 0.6383122088712991,
      "auc": 0.6417933488560366,
      "mean_p": 0.5872318242751072,
      "mean_y": 0.6145320197044335,
      "n": 2436
    },
    "production_incumbent_stacker": {
      "brier": 0.22123843051776937,
      "logloss": 0.6328874399770986,
      "auc": 0.6532753117167953,
      "mean_p": 0.5883282413605361,
      "mean_y": 0.6145320197044335,
      "n": 2436
    },
    "retrained_xgb_binary": {
      "brier": 0.23602567613124847,
      "logloss": 0.669771186669024,
      "auc": 0.6096491883305126,
      "mean_p": 0.5957684516906738,
      "mean_y": 0.6145320197044335,
      "n": 2436
    },
    "retrained_poisson_raw": {
      "brier": 0.2241124891715293,
      "logloss": 0.6399502410248262,
      "auc": 0.6400817253961242,
      "mean_p": 0.6282157034059921,
      "mean_y": 0.6145320197044335,
      "n": 2436
    },
    "hybrid_simple (bin+poi logits)": {
      "brier": 0.22578024087993126,
      "logloss": 0.6430365399004754,
      "auc": 0.6374502643910469,
      "mean_p": 0.578057282081369,
      "mean_y": 0.6145320197044335,
      "n": 2436
    },
    "hybrid_full (logits+lambdas)": {
      "brier": 0.2257397345374818,
      "logloss": 0.643056825502752,
      "auc": 0.6376700863565967,
      "mean_p": 0.5791471695718187,
      "mean_y": 0.6145320197044335,
      "n": 2436
    }
  },
  "lr_coef": [
    [
      -0.049287841745392906,
      0.18776079618848715,
      0.3497077708237513,
      -0.3678574580601568
    ]
  ],
  "lr_intercept": [
    0.2070194810985286
  ],
  "lr_simple_coef": [
    [
      -0.0504964066707298,
      0.6598677519797628
    ]
  ],
  "lr_simple_intercept": [
    -0.02856965330701701
  ]
}