iter	Logloss
0	0.6901419435
5	0.6764921555
10	0.6664193255
15	0.6576456993
20	0.651088671
25	0.64618198
30	0.64187949
35	0.6370601653
40	0.6324458074
45	0.6284097843
50	0.6241446949
55	0.6200629763
60	0.6158778907
