iter	Logloss
0	0.6894923555
5	0.675802253
10	0.6659094595
15	0.6581599431
20	0.6514156384
25	0.6462129703
30	0.6418233312
35	0.6369759275
40	0.6329997964
45	0.6290638304
50	0.6246101026
55	0.6201326599
60	0.6152167
65	0.6120920513
70	0.6082423858
75	0.6042025417
80	0.5994942961
85	0.595250245
