iter	Logloss
0	0.6894923555
5	0.6765635519
10	0.6666206146
15	0.6590840732
20	0.6522889569
25	0.6473147118
30	0.6419984792
35	0.6365626283
40	0.6323195792
45	0.6278543697
50	0.6231624073
55	0.6179286341
60	0.6142047663
65	0.6096604792
70	0.6055195128
75	0.6020385975
80	0.5987442285
85	0.5957117255
90	0.5918918707
95	0.5888757343
100	0.5851770844
105	0.581684103
110	0.5782014342
115	0.5737462451
120	0.5700546512
125	0.5671096179
