iter	Logloss
0	0.6905058341
5	0.6783982429
10	0.669683805
15	0.6627794247
20	0.6567944567
25	0.6522062469
30	0.6482933278
35	0.6439290737
40	0.6399779936
45	0.636261641
50	0.6323537738
55	0.6284205633
