iter	Logloss
0	0.6906240773
5	0.6779787058
10	0.6687488613
15	0.6617052328
20	0.6562268823
25	0.6512911838
30	0.6467020542
35	0.6431893447
40	0.6398356122
45	0.6366716802
50	0.6327528161
55	0.6280944317
60	0.6244418872
65	0.6205453063
