iter	Logloss
0	0.6902570902
5	0.6784229481
10	0.6693584613
15	0.6622185827
20	0.6562936831
25	0.6514261106
30	0.6464525207
35	0.6418728639
40	0.6375689506
45	0.6333026341
50	0.6292638133
55	0.6246066068
60	0.6209199502
65	0.6171038641
70	0.6138079994
75	0.6103181621
80	0.607264665
85	0.604390563
90	0.6006204177
95	0.596972536
